Symbol,Name,Last Sale,Net Change,% Change,Volume,Market Cap,Country,IPO Year,Industry,Sector,url
ACCS,ACCESS Newswire Inc. Common Stock,$5.29,0.02,0.38%,23168,20246438.00,United States,,Professional Services,Consumer Discretionary,/market-activity/stocks/accs
ACU,Acme United Corporation. Common Stock,$63.82,0.92,1.463%,48605,244674584.00,United States,1988,Industrial Machinery/Components,Consumer Discretionary,/market-activity/stocks/acu
AEF,abrdn Emerging Markets ex-China Fund Inc. Common Stock,$9.60,0.00,0.00%,53528,1030680000.00,United States,,Finance/Investors Services,Finance,/market-activity/stocks/aef
AEON,AEON Biopharma Inc. Class A Common Stock,$0.271,-0.0056,-2.025%,194551,13518236.00,United States,,Biotechnology: Pharmaceutical Preparations,Health Care,/market-activity/stocks/aeon
AGIG,Abundia Global Impact Group Inc. Common stock,$1.14,0.03,2.703%,195749,50331366.00,United States,,Oil & Gas Production,Energy,/market-activity/stocks/agig
AIB,AIB Data Centers Inc. Common Stock,$1.06,0.00,0.00%,2571491,80538234.00,,2026,Investment Bankers/Brokers/Service,Finance,/market-activity/stocks/aib
AIM,AIM ImmunoTech Inc. Common Stock,$0.2346,-0.0014,-0.593%,8857932,7141726.00,,,Biotechnology: Biological Products (No Diagnostic Substances),Health Care,/market-activity/stocks/aim
AIRI,Air Industries Group Common Stock,$2.59,-0.02,-0.766%,18082,12563204.00,United States,,Military/Government/Technical,Industrials,/market-activity/stocks/airi
AMBO,Ambow Education Holding Ltd. American Depository Shares (each representing twenty (20) Class A Ordinary Shares),$2.10,0.07,3.448%,2891,6006676.00,China,,Other Consumer Services,Real Estate,/market-activity/stocks/ambo
AMS,American Shared Hospital Services Common Stock,$1.44,-0.0239,-1.633%,2567,9576000.00,United States,1988,Medical Specialities,Health Care,/market-activity/stocks/ams
AMZE,Amaze Holdings Inc. Common Stock,$0.164,0.0084,5.398%,4450334,3415164.00,,2021,Catalog/Specialty Distribution,Consumer Discretionary,/market-activity/stocks/amze
APT,Alpha Pro Tech Ltd. Common Stock,$5.25,-0.01,-0.19%,33534,53582645.00,Canada,2000,Industrial Specialties,Health Care,/market-activity/stocks/apt
APUS,Apimeds Pharmaceuticals US Inc. Common Stock,$2.63,-0.91,-25.706%,85515,3968980.00,,2025,Biotechnology: Pharmaceutical Preparations,Health Care,/market-activity/stocks/apus
ARMP,Armata Pharmaceuticals Inc. Common Stock,$5.53,0.25,4.735%,70077,205616344.00,United States,,Biotechnology: Biological Products (No Diagnostic Substances),Health Care,/market-activity/stocks/armp
ASM,Avino Silver & Gold Mines Ltd. Common Shares (Canada),$7.50,0.49,6.99%,4381137,1273914533.00,Canada,,Metal Mining,Basic Materials,/market-activity/stocks/asm
ATCH,AtlasClear Holdings Inc. Common Stock,$0.1887,-0.001,-0.527%,735129,28368738.00,,2024,Finance: Consumer Services,Finance,/market-activity/stocks/atch
ATNM,Actinium Pharmaceuticals Inc. (Delaware) Common Stock,$1.00,0.0045,0.452%,77579,31441436.00,United States,,Biotechnology: Pharmaceutical Preparations,Health Care,/market-activity/stocks/atnm
AUST,Austin Gold Corp. Common Shares,$1.16,0.00,0.00%,121757,15883881.00,,2022,Precious Metals,Basic Materials,/market-activity/stocks/aust
AWX,Avalon Holdings Corporation Common Stock,$2.61,-0.05,-1.88%,21882,10177515.00,United States,1998,Environmental Services,Utilities,/market-activity/stocks/awx
AXIL,AXIL Brands Inc. Common Stock,$6.64,-0.36,-5.143%,9259,45302602.00,,2024,Package Goods/Cosmetics,Consumer Discretionary,/market-activity/stocks/axil
AZTR,Azitra Inc Common Stock,$0.181,0.0043,2.434%,531190,10969277.00,,2023,Biotechnology: Pharmaceutical Preparations,Health Care,/market-activity/stocks/aztr
BATL,Battalion Oil Corporation Common Stock,$1.32,-0.05,-3.65%,4933263,75612445.00,United States,,Oil & Gas Production,Energy,/market-activity/stocks/batl
BCHT,Birchtech Corp. Common Stock,$1.16,-0.02,-1.695%,32168,30514921.00,,2026,Industrial Machinery/Components,Industrials,/market-activity/stocks/bcht
BCV,Bancroft Fund Ltd.,$24.17,0.16,0.666%,1771,0.00,United States,1972,Finance/Investors Services,Finance,/market-activity/stocks/bcv
BCV^A,Bancroft Fund Limited 5.375% Series A Cumulative Preferred Shares,$19.95,-0.13,-0.647%,5876,,United States,,,,/market-activity/stocks/bcv^a
BDL,Flanigan's Enterprises Inc. Common Stock,$45.11,-0.14,-0.309%,31749,83843566.00,United States,1972,Restaurants,Consumer Discretionary,/market-activity/stocks/bdl
BESS,Bimergen Energy Corporation Common Stock,$2.82,0.01,0.356%,39276,20015156.00,,2026,Electric Utilities: Central,Utilities,/market-activity/stocks/bess
BHB,Bar Harbor Bankshares Inc. Common Stock,$39.81,0.96,2.471%,87920,667457645.00,United States,1997,Major Banks,Finance,/market-activity/stocks/bhb
BHM,Bluerock Homes Trust Inc. Class A Common Stock,$8.20,-0.30,-3.529%,2842,33685830.00,,2022,Real Estate Investment Trusts,Real Estate,/market-activity/stocks/bhm
BKTI,BK Technologies Corporation Common Stock,$73.60,0.88,1.21%,24310,277427030.00,United States,,Radio And Television Broadcasting And Communications Equipment,Technology,/market-activity/stocks/bkti
BQ,Boqii Holding Limited Class A Ordinary Shares,$0.8611,-0.029,-3.258%,37564,6785136.00,,2025,Other Specialty Stores,Consumer Discretionary,/market-activity/stocks/bq
BRBS,Blue Ridge Bankshares Inc. Common Stock,$3.95,0.05,1.282%,1661205,354270969.00,United States,,Major Banks,Finance,/market-activity/stocks/brbs
BRIA,BrilliA Inc Class A Ordinary Shares,$1.40,-0.04,-2.778%,3961,42875000.00,,2024,Apparel,Consumer Discretionary,/market-activity/stocks/bria
BRN,Barnwell Industries Inc. Common Stock,$0.965,-0.02,-2.03%,104545,13929109.00,United States,1965,Oil & Gas Production,Energy,/market-activity/stocks/brn
BTG,B2Gold Corp Common shares (Canada),$5.41,0.21,4.038%,36517765,7146992822.00,Canada,,Precious Metals,Basic Materials,/market-activity/stocks/btg
BUDA,Buda Juice Inc. Common Stock,$8.10,-0.15,-1.818%,570,101789995.00,,2026,Beverages (Production/Distribution),Consumer Staples,/market-activity/stocks/buda
CANF,Can-Fite Biopharma Ltd American Depositary Shares each representing two (2) Ordinary Shares,$2.36,-0.93,-28.267%,20265327,5056411.00,Israel,,Biotechnology: Pharmaceutical Preparations,Health Care,/market-activity/stocks/canf
CATX,Perspective Therapeutics Inc. Common Stock,$3.10,0.00,0.00%,864658,353870155.00,United States,,Biotechnology: Pharmaceutical Preparations,Health Care,/market-activity/stocks/catx
CCEL,Cryo-Cell International Inc. Common Stock,$4.04,-0.1246,-2.992%,2137,32573106.00,United States,2022,Misc Health and Biotechnology Services,Health Care,/market-activity/stocks/ccel
CET,Central Securities Corporation Common Stock,$54.06,0.00,0.00%,31532,13083882312.00,United States,1951,Finance/Investors Services,Finance,/market-activity/stocks/cet
CEV,Eaton Vance California Municipal Income Trust Shares of Beneficial Interest,$10.44,-0.22,-2.064%,40386,73430523.00,United States,1999,Finance/Investors Services,Finance,/market-activity/stocks/cev
CHOW,ChowChow Cloud International Holdings Limited Ordinary Shares,$0.4583,-0.0437,-8.705%,247169,16265067.00,,2025,Computer Software: Prepackaged Software,Technology,/market-activity/stocks/chow
CIK,Credit Suisse Asset Management Income Fund Inc. Common Stock,$2.43,0.01,0.413%,329480,0.00,United States,,Finance/Investors Services,Finance,/market-activity/stocks/cik
CITR,CitroTech Inc. Common Stock,$5.38,-0.37,-6.435%,21475,121337690.00,,,Major Chemicals,Industrials,/market-activity/stocks/citr
CIX,CompX International Inc. Common Stock,$35.35,2.35,7.121%,29621,436100825.00,United States,1998,Industrial Machinery/Components,Consumer Discretionary,/market-activity/stocks/cix
CKX,CKX Lands Inc. Common Stock,$10.78,-0.57,-5.022%,15782,22132731.00,United States,2003,Oil & Gas Production,Energy,/market-activity/stocks/ckx
CLDI,Calidi Biotherapeutics Inc. Common Stock,$1.34,0.01,0.752%,30639,3462807.00,,2021,Biotechnology: Biological Products (No Diagnostic Substances),Health Care,/market-activity/stocks/cldi
CLM,Cornerstone Strategic Investment Fund Inc. Common Shares,$6.62,0.05,0.761%,1503433,0.00,United States,2003,Finance/Investors Services,Finance,/market-activity/stocks/clm
CMCL,Caledonia Mining Corporation Plc Common Shares,$25.61,0.54,2.154%,176840,495171373.00,Canada,,Precious Metals,Basic Materials,/market-activity/stocks/cmcl
CMT,Core Molding Technologies Inc Common Stock,$24.16,-0.56,-2.265%,49508,213792661.00,United States,1996,Plastic Products,Industrials,/market-activity/stocks/cmt
COE,51Talk Online Education Group American depositary shares each representing 60 Class A ordinary shares,$15.12,-0.10,-0.657%,24279,90830603.00,China,2016,Other Consumer Services,Real Estate,/market-activity/stocks/coe
COHN,Cohen & Company Inc.,$11.02,-0.21,-1.87%,12985,35583249.00,United States,,Investment Bankers/Brokers/Service,Finance,/market-activity/stocks/cohn
COPR,Idaho Copper Corporation Common Stock,$3.29,-0.02,-0.604%,154211,61781607.00,,2026,Metal Mining,Basic Materials,/market-activity/stocks/copr
CPHI,China Pharma Holdings Inc. Common Stock,$0.845,-0.0403,-4.552%,112680,36353592.00,China,,Biotechnology: Pharmaceutical Preparations,Health Care,/market-activity/stocks/cphi
CRF,Cornerstone Total Return Fund Inc. (The) Common Stock,$6.40,0.06,0.946%,926513,0.00,United States,2003,Finance/Investors Services,Finance,/market-activity/stocks/crf
CTGO,Contango Silver & Gold Inc. Common Stock,$19.61,0.81,4.309%,352719,655771951.00,United States,2021,Precious Metals,Basic Materials,/market-activity/stocks/ctgo
CTM,Castellum Inc. Common Stock,$0.5713,0.0013,0.228%,671042,54148549.00,,2022,Professional Services,Consumer Discretionary,/market-activity/stocks/ctm
CVM,Cel-Sci Corporation Common Stock,$1.65,0.04,2.484%,134721,29021829.00,United States,1997,Biotechnology: Biological Products (No Diagnostic Substances),Health Care,/market-activity/stocks/cvm
CVR,Chicago Rivet & Machine Co. Common Stock,$10.10,-0.36,-3.442%,8351,9757933.00,United States,1930,Industrial Machinery/Components,Industrials,/market-activity/stocks/cvr
CVU,CPI Aerostructures Inc. Common Stock,$5.15,0.06,1.179%,27065,68236130.00,United States,2022,Military/Government/Technical,Industrials,/market-activity/stocks/cvu
DC,Dakota Gold Corp. Common Stock,$6.06,0.25,4.303%,959844,813088325.00,United States,2022,Metal Mining,Basic Materials,/market-activity/stocks/dc
DDC,DDC Enterprise Limited Class A Ordinary Shares,$0.3212,-0.0213,-6.219%,11247488,14783382.00,,2023,Packaged Foods,Consumer Staples,/market-activity/stocks/ddc
DHY,Credit Suisse High Yield Credit Fund Common Stock,$1.72,0.01,0.585%,1460817,0.00,United States,1998,Finance/Investors Services,Finance,/market-activity/stocks/dhy
DIT,AMCON Distributing Company Common Stock,$66.00,-3.00,-4.348%,207,64417848.00,United States,1999,Food Distributors,Consumer Discretionary,/market-activity/stocks/dit
DNN,Denison Mines Corp Ordinary Shares (Canada),$3.22,0.02,0.625%,21347401,2914795929.00,Canada,,Other Metals and Minerals,Basic Materials,/market-activity/stocks/dnn
DSS,DSS Inc. Common Stock,$0.552,0.004,0.73%,177036,5543470.00,United States,,Containers/Packaging,Consumer Discretionary,/market-activity/stocks/dss
DXF,Eason Technology Limited American Depositary Shares (each representing sixty-thousand (60000) Ordinary Shares),$0.477,-0.0113,-2.314%,55010,1543551.00,,,Finance: Consumer Services,Finance,/market-activity/stocks/dxf
EAD,Allspring Income Opportunities Fund Common Shares,$6.41,0.01,0.156%,239832,0.00,United States,2003,Finance/Investors Services,Finance,/market-activity/stocks/ead
ECF,Ellsworth Growth and Income Fund Ltd.,$12.17,-0.02,-0.164%,18086,0.00,United States,1986,Finance/Investors Services,Finance,/market-activity/stocks/ecf
ECF^A,Ellsworth Growth and Income Fund Ltd. 5.25% Series A Cumulative Preferred Shares (Liquidation Preference $25.00 per share),$20.0202,0.0602,0.302%,1409,,United States,,,,/market-activity/stocks/ecf^a
EDVA,Endovia Health Sciences Inc. Common Stock,$0.2614,-0.034,-11.51%,434734,1943358.00,,2021,Beverages (Production/Distribution),Consumer Staples,/market-activity/stocks/edva
EGG,Enigmatig Limited Class A Ordinary Shares,$2.76,-0.125,-4.333%,27722,76852752.00,,2025,Professional Services,Consumer Discretionary,/market-activity/stocks/egg
EIM,Eaton Vance Municipal Bond Fund Common Shares of Beneficial Interest $.01 par value,$9.49,0.00,0.00%,108915,0.00,United States,2002,Finance/Investors Services,Finance,/market-activity/stocks/eim
ELA,Envela Corporation Common Stock,$13.76,-0.06,-0.434%,116801,357257430.00,United States,,Consumer Specialties,Consumer Discretionary,/market-activity/stocks/ela
ELLO,Ellomay Capital Ltd Ordinary Shares (Israel),$20.89,1.19,6.041%,1704,287931675.00,Israel,,Electric Utilities: Central,Utilities,/market-activity/stocks/ello
ELMD,Electromed Inc. Common Stock,$28.24,1.14,4.207%,119153,236260443.00,United States,2011,Biotechnology: Electromedical & Electrotherapeutic Apparatus,Health Care,/market-activity/stocks/elmd
EONR,EON Resources Inc. Class A Common Stock,$0.5574,-0.0037,-0.659%,1090906,27852355.00,,2022,Oil & Gas Production,Energy,/market-activity/stocks/eonr
EP,Empire Petroleum Corporation Common Stock,$3.06,-0.01,-0.326%,33719,127226663.00,United States,2022,Oil & Gas Production,Energy,/market-activity/stocks/ep
EPM,Evolution Petroleum Corporation Inc. Common Stock,$3.67,-0.02,-0.542%,538102,131935924.00,United States,,Oil & Gas Production,Energy,/market-activity/stocks/epm
EQX,Equinox Gold Corp. Common Shares,$12.63,0.45,3.695%,9676909,14745017552.00,Canada,,Precious Metals,Basic Materials,/market-activity/stocks/eqx
ERC,Allspring Multi-Sector Income Fund Common Stock,$9.19,-0.03,-0.325%,149861,0.00,United States,2003,Finance/Investors Services,Finance,/market-activity/stocks/erc
ERH,Allspring Utilities and High Income Fund Common Shares,$11.28,-0.03,-0.265%,42703,0.00,,2004,Finance/Investors Services,Finance,/market-activity/stocks/erh
ESP,Espey Mfg. & Electronics Corp. Common Stock,$62.00,-0.22,-0.354%,25286,185747164.00,United States,1960,Industrial Machinery/Components,Technology,/market-activity/stocks/esp
EVI,EVI Industries Inc.  Common Stock,$13.06,-0.35,-2.61%,55935,168070616.00,United States,1999,Other Consumer Services,Consumer Discretionary,/market-activity/stocks/evi
EVV,Eaton Vance Limited Duration Income Fund Common Shares of Beneficial Interest,$9.07,0.00,0.00%,239996,0.00,United States,2003,Finance/Investors Services,Finance,/market-activity/stocks/evv
EXOD,Exodus Movement Inc. Class A Common Stock,$7.16,-0.21,-2.849%,78259,216255327.00,United States,,Finance: Consumer Services,Finance,/market-activity/stocks/exod
FAX,abrdn Asia-Pacific Income Fund Inc. Common Stock,$14.65,0.00,0.00%,57339,0.00,United States,1986,Investment Managers,Finance,/market-activity/stocks/fax
FJET,Starfighters Space Inc. Common Stock,$2.83,-0.14,-4.714%,769109,155638734.00,United States,2025,Air Freight/Delivery Services,Consumer Discretionary,/market-activity/stocks/fjet
FLYX,flyExclusive Inc. Class A Common Stock,$1.16,-0.03,-2.521%,213197,118414828.00,,2023,Transportation Services,Consumer Discretionary,/market-activity/stocks/flyx
FSI,Flexible Solutions International Inc. Common Stock (CDA),$5.81,0.03,0.519%,10847,74208213.00,Canada,2002,Major Chemicals,Industrials,/market-activity/stocks/fsi
FSP,Franklin Street Properties Corp. Common Stock,$0.4006,0.0003,0.075%,720633,41667090.00,United States,,Real Estate Investment Trusts,Real Estate,/market-activity/stocks/fsp
FTF,Franklin Limited Duration Income Trust Common Shares of Beneficial Interest,$5.75,-0.03,-0.519%,115890,232330901.00,United States,2003,Finance/Investors Services,Finance,/market-activity/stocks/ftf
FURY,Fury Gold Mines Limited Common Shares,$0.5901,-0.0049,-0.824%,181800,112197008.00,,2020,Precious Metals,Basic Materials,/market-activity/stocks/fury
GAU,Galiano Gold Inc.,$2.26,0.11,5.116%,2814874,591197387.00,Canada,,Mining & Quarrying of Nonmetallic Minerals (No Fuels),Industrials,/market-activity/stocks/gau
GBR,New Concept Energy Inc Common Stock,$0.7671,-0.0029,-0.377%,24884,3936707.00,United States,1993,Oil & Gas Production,Energy,/market-activity/stocks/gbr
GCDT,Green Circle Decarbonize Technology Limited Class A Ordinary Shares,$0.377,0.004,1.072%,72026,4712500.00,,2026,Industrial Machinery/Components,Industrials,/market-activity/stocks/gcdt
GENC,Gencor Industries Inc. Common Stock,$18.20,-0.27,-1.462%,40112,266770176.00,United States,,Construction/Ag Equipment/Trucks,Industrials,/market-activity/stocks/genc
GGN,GAMCO Global Gold Natural Resources & Income Trust,$5.59,0.03,0.54%,535021,0.00,United States,2005,Finance/Investors Services,Finance,/market-activity/stocks/ggn
GGN^B,GAMCO Global Gold Natural Reources & Income Trust 5.00% Series B Cumulative 25.00 Liquidation Preference,$19.0499,0.0799,0.421%,4645,,United States,,,,/market-activity/stocks/ggn^b
GLDG,GoldMining Inc. Common Shares,$1.09,0.06,5.825%,466680,233375756.00,,,Precious Metals,Basic Materials,/market-activity/stocks/gldg
GLO,Clough Global Opportunities Fund Common Stock,$5.69,-0.01,-0.175%,86248,0.00,United States,2006,Finance/Investors Services,Finance,/market-activity/stocks/glo
GLQ,Clough Global Equity Fund Clough Global Equity Fund Common Shares of Beneficial Interest,$7.91,0.01,0.127%,32987,0.00,United States,2005,Finance/Investors Services,Finance,/market-activity/stocks/glq
GLU,Gabelli Global Utility Common Shares of Beneficial Ownership,$19.186,0.086,0.45%,7106,114519526.00,United States,2004,Finance/Investors Services,Finance,/market-activity/stocks/glu
GLU^A,The Gabelli Global Utility and Income Trust Series A Cumulative Puttable and Callable Preferred Shares,$56.50,-6.27,-9.989%,1306,,United States,,,,/market-activity/stocks/glu^a
GLU^B,The Gabelli Global Utility and Income Trust Series B Cumulative Puttable and Callable Preferred Shares,$50.65,0.00,0.00%,4,,United States,,,,/market-activity/stocks/glu^b
GLV,Clough Global Dividend and Income Fund Common Shares of beneficial interest,$6.08,0.02,0.33%,16683,77274265.00,United States,2004,Finance/Investors Services,Finance,/market-activity/stocks/glv
GMTL,Guardian Metal Resources PLC ADS,$10.72,-0.61,-5.384%,236261,415953109.00,,2026,Metal Mining,Basic Materials,/market-activity/stocks/gmtl
GNS,Genius Group Limited Ordinary Shares,$0.1751,-0.0076,-4.16%,4646945,33610009.00,Singapore,2022,Computer Software: Prepackaged Software,Technology,/market-activity/stocks/gns
GORO,Goldgroup Mining Inc. Common Shares,$3.87,0.29,8.101%,1007378,524944676.00,Canada,2026,Precious Metals,Basic Materials,/market-activity/stocks/goro
GPUS,Hyperscale Data Inc. Common Stock,$0.1984,-0.0409,-17.092%,117498311,27926330.00,United States,1997,Industrial Machinery/Components,Technology,/market-activity/stocks/gpus
GPUS^D,Hyperscale Data Inc. 13.00% Series D Cumulative Redeemable Perpetual Preferred Stock,$18.15,-0.05,-0.275%,1621,,United States,,,,/market-activity/stocks/gpus^d
GRF,Eagle Capital Growth Fund Inc. Common Stock,$10.3201,0.1899,1.875%,3516,0.00,United States,,Finance/Investors Services,Finance,/market-activity/stocks/grf
GRO,Brazil Potash Corp. Common Shares,$2.52,-0.10,-3.817%,199192,156104462.00,,2024,Mining & Quarrying of Nonmetallic Minerals (No Fuels),Industrials,/market-activity/stocks/gro
GROY,Gold Royalty Corp. Common Shares,$3.36,0.16,5.00%,1736328,775518915.00,Canada,2021,Precious Metals,Basic Materials,/market-activity/stocks/groy
GTE,Gran Tierra Energy Inc. Common Stock,$10.19,-0.15,-1.451%,898695,391296000.00,Canada,,Oil & Gas Production,Energy,/market-activity/stocks/gte
HCWC,Healthy Choice Wellness Corp. Class A Common Stock,$7.18,-0.26,-3.495%,38982,6658495.00,,2024,Food Chains,Consumer Staples,/market-activity/stocks/hcwc
HSLV,Highlander Silver Corp. Common Shares,$5.63,0.43,8.269%,877161,1145836843.00,,,,,/market-activity/stocks/hslv
HYLN,Hyliion Holdings Corp. Class A Common Stock,$3.56,0.14,4.094%,1752941,635806096.00,United States,2019,Construction/Ag Equipment/Trucks,Consumer Discretionary,/market-activity/stocks/hyln
IAF,abrdn Australia Equity Fund Inc. Common Stock,$13.35,0.14,1.06%,5907,0.00,United States,1985,Finance/Investors Services,Finance,/market-activity/stocks/iaf
IAUX,i-80 Gold Corp. Common Shares,$1.76,0.06,3.529%,5116267,1523986962.00,Canada,2022,Precious Metals,Basic Materials,/market-activity/stocks/iaux
IBO,Impact BioMedical Inc. Common Stock,$0.49,0.032,6.987%,45121,52832403.00,,2024,Biotechnology: Pharmaceutical Preparations,Health Care,/market-activity/stocks/ibo
IDR,Idaho Strategic Resources Inc. Common Stock,$31.85,0.85,2.742%,155896,504063515.00,United States,2022,Precious Metals,Basic Materials,/market-activity/stocks/idr
IE,Ivanhoe Electric Inc. Common Stock,$10.09,0.06,0.598%,1562213,1610265713.00,Canada,2022,Metal Mining,Basic Materials,/market-activity/stocks/ie
IGC,IGC Pharma Inc. Common Stock,$0.2959,-0.0008,-0.27%,458206,30591328.00,United States,,Biotechnology: Pharmaceutical Preparations,Health Care,/market-activity/stocks/igc
IHT,InnSuites Hospitality Trust Shares of Beneficial Interest,$1.32,-0.07,-5.036%,35862,12411741.00,United States,1999,Real Estate Investment Trusts,Real Estate,/market-activity/stocks/iht
IMC,IMC Rare Earths Ltd Ordinary Shares,$6.51,-2.07,-24.126%,246807,684201000.00,,2026,Metal Mining,Basic Materials,/market-activity/stocks/imc
IMO,Imperial Oil Limited Common Stock,$133.44,-1.50,-1.112%,526824,64530649920.00,Canada,1929,Integrated oil Companies,Energy,/market-activity/stocks/imo
INDO,Indonesia Energy Corporation Limited Ordinary Shares,$2.99,-0.03,-0.993%,541209,46006652.00,,2019,Oil & Gas Production,Energy,/market-activity/stocks/indo
INFU,InfuSystems Holdings Inc. Common Stock,$12.14,0.04,0.331%,162928,241794577.00,United States,,Medical/Dental Instruments,Health Care,/market-activity/stocks/infu
INLX,Intellinetics Inc. Common Stock,$5.10,-0.1527,-2.907%,4259,22924469.00,,2022,Computer Software: Prepackaged Software,Technology,/market-activity/stocks/inlx
INTT,inTest Corporation Common Stock,$10.82,0.36,3.442%,144568,138775005.00,United States,1997,Electrical Products,Industrials,/market-activity/stocks/intt
INUV,Inuvo Inc.,$0.656,-0.011,-1.649%,127258,10812900.00,United States,,Advertising,Consumer Discretionary,/market-activity/stocks/inuv
IOR,Income Opportunity Realty Investors Inc. Common Stock,$19.32,0.00,0.00%,70,78558559.00,United States,1987,Real Estate Investment Trusts,Real Estate,/market-activity/stocks/ior
ISOU,IsoEnergy Ltd. Common Shares,$10.97,0.27,2.523%,52349,715697708.00,,2025,,,/market-activity/stocks/isou
ITP,IT Tech Packaging Inc. Common Stock,$0.1601,-0.0007,-0.435%,713810,2716164.00,China,,Containers/Packaging,Consumer Discretionary,/market-activity/stocks/itp
ITRG,Integra Resources Corp. Common Shares,$2.80,0.14,5.263%,2246226,568044596.00,,,Precious Metals,Basic Materials,/market-activity/stocks/itrg
JAGU,Jaguar Uranium Corp. Class A Common Shares,$1.62,0.01,0.621%,26350,32713919.00,Canada,2026,Metal Mining,Basic Materials,/market-activity/stocks/jagu
JOB,GEE Group Inc. Common Stock,$0.2375,-0.0176,-6.899%,567463,26094288.00,United States,1968,Diversified Commercial Services,Consumer Discretionary,/market-activity/stocks/job
KAPA,Kairos Pharma Ltd. Common Stock,$1.58,-0.07,-4.242%,105828,5348905.00,,2024,Biotechnology: Pharmaceutical Preparations,Health Care,/market-activity/stocks/kapa
KNRX,KNOREX LTD. Class A Ordinary Shares,$0.37,-0.024,-6.091%,24707,11256552.00,,2025,Computer Software: Programming Data Processing,Technology,/market-activity/stocks/knrx
KULR,KULR Technology Group Inc. Common Stock,$2.49,0.05,2.049%,631881,115238002.00,United States,,Electrical Products,Technology,/market-activity/stocks/kulr
LCTX,Lineage Cell Therapeutics Inc. Common Stock,$1.11,0.03,2.778%,675985,280727285.00,United States,,Biotechnology: Biological Products (No Diagnostic Substances),Health Care,/market-activity/stocks/lctx
LEGO,Legato Merger Corp. IV Ordinary Shares,$9.98,0.01,0.10%,326411,302464219.00,,2026,Military/Government/Technical,Industrials,/market-activity/stocks/lego
LGCY,Legacy Education Inc. Common Stock,$10.78,-0.03,-0.278%,20353,136388970.00,,2024,Other Consumer Services,Real Estate,/market-activity/stocks/lgcy
LGL,LGL Group Inc. (The) Common Stock,$7.38,0.02,0.272%,8927,93085040.00,United States,1946,Industrial Machinery/Components,Technology,/market-activity/stocks/lgl
LGPS,LogProstyle Inc. Common Shares,$1.01,-0.02,-1.942%,406816,23846979.00,,2025,Homebuilding,Consumer Discretionary,/market-activity/stocks/lgps
LODE,Comstock Inc. Common Stock,$3.25,-0.04,-1.216%,703625,246977403.00,United States,,Major Chemicals,Industrials,/market-activity/stocks/lode
LPA,Logistic Properties of the Americas Ordinary Shares,$3.09,-0.03,-0.962%,3308,97699048.00,,2024,Real Estate,Finance,/market-activity/stocks/lpa
LSF,Laird Superfood Inc. Common Stock,$4.17,0.22,5.57%,34213,46674326.00,,2020,Packaged Foods,Consumer Staples,/market-activity/stocks/lsf
LUD,Luda Technology Group Limited Ordinary Shares,$4.30,0.02,0.467%,7987,97567000.00,Hong Kong,2025,Steel/Iron Ore,Industrials,/market-activity/stocks/lud
LXFR,Luxfer Holdings PLC Ordinary Shares,$17.19,0.00,0.00%,292322,459991353.00,United Kingdom,2012,Major Chemicals,Basic Materials,/market-activity/stocks/lxfr
MAIA,MAIA Biotechnology Inc. Common Stock,$1.37,0.07,5.385%,865851,83342862.00,,2022,Biotechnology: Pharmaceutical Preparations,Health Care,/market-activity/stocks/maia
MCRP,Micropolis AI Robotics Ordinary Shares,$0.9601,0.0148,1.566%,408004,33496398.00,,2025,Auto Parts:O.E.M.,Consumer Discretionary,/market-activity/stocks/mcrp
MGLD,The Marygold Companies Inc. Common Stock,$1.00,-0.04,-3.846%,3588,42811212.00,,2022,Finance: Consumer Services,Finance,/market-activity/stocks/mgld
MHH,Mastech Digital Inc Common Stock,$7.23,-0.205,-2.757%,18844,86850961.00,United States,,Professional Services,Consumer Discretionary,/market-activity/stocks/mhh
MI,NFT Limited Class A Ordinary Share,$2.46,0.16,6.957%,24792,1256393.00,,2023,Finance: Consumer Services,Finance,/market-activity/stocks/mi
MINE,Mayfair Gold Corp. Common Shares,$3.18,0.09,2.913%,143145,213500417.00,,2026,Oil & Gas Production,Energy,/market-activity/stocks/mine
MITQ,Moving iMage Technologies Inc. Common Stock,$0.589,0.0065,1.116%,12129,5855291.00,United States,2021,Industrial Machinery/Components,Consumer Discretionary,/market-activity/stocks/mitq
MLSS,Milestone Scientific Inc. Common Stock,$0.4639,0.0059,1.288%,87699,41166108.00,United States,2015,Industrial Specialties,Health Care,/market-activity/stocks/mlss
MMA,Mixed Martial Arts Group Limited Ordinary Shares,$0.452,0.0297,7.033%,330302,11970561.00,,2024,Other Consumer Services,Consumer Discretionary,/market-activity/stocks/mma
MPTI,M-tron Industries Inc. Common Stock,$73.01,-1.86,-2.484%,112144,317336213.00,United States,2022,Industrial Machinery/Components,Technology,/market-activity/stocks/mpti
MPU,Mega Matrix Inc. Class A Ordinary Shares,$0.1772,0.0061,3.565%,329834,12125060.00,United States,1998,Movies/Entertainment,Consumer Discretionary,/market-activity/stocks/mpu
MRT,Marti Technologies Inc. Class A Ordinary Shares,$2.17,0.03,1.402%,44128,186712715.00,,2021,Rental/Leasing Companies,Consumer Discretionary,/market-activity/stocks/mrt
MSN,Emerson Radio Corporation Common Stock,$0.4812,-0.0088,-1.796%,447588,10125724.00,United States,1994,Consumer Electronics/Appliances,Consumer Staples,/market-activity/stocks/msn
MTA,Metalla Royalty & Streaming Ltd. Common Shares,$10.66,0.79,8.004%,473289,996666017.00,Canada,,Precious Metals,Basic Materials,/market-activity/stocks/mta
MTNB,Matinas Biopharma Holdings Inc. Common Stock,$0.186,-0.0117,-5.918%,379055,2732860.00,United States,2017,Biotechnology: Pharmaceutical Preparations,Health Care,/market-activity/stocks/mtnb
MWG,Multi Ways Holdings Limited Class A Ordinary Shares,$1.31,0.0992,8.193%,934,6736051.00,,2023,Miscellaneous manufacturing industries,Consumer Discretionary,/market-activity/stocks/mwg
MXC,Mexco Energy Corporation Common Stock,$9.95,0.5354,5.687%,194987,20357700.00,United States,2003,Oil & Gas Production,Energy,/market-activity/stocks/mxc
MYND,Mynd.ai Inc. American Depositary Shares,$0.40,0.0149,3.869%,2185,18857842.00,,2017,Computer peripheral equipment,Technology,/market-activity/stocks/mynd
MYO,Myomo Inc. Common Stock,$1.41,-0.02,-1.399%,394098,55847074.00,United States,2017,Industrial Specialties,Health Care,/market-activity/stocks/myo
NAK,Northern Dynasty Minerals Ltd. Common Stock,$1.59,0.03,1.923%,4575591,893773443.00,Canada,,Precious Metals,Basic Materials,/market-activity/stocks/nak
NBH,Neuberger Municipal Fund Inc. Common Stock,$10.02,-0.10,-0.988%,73563,0.00,United States,2002,Finance/Investors Services,Finance,/market-activity/stocks/nbh
NEN,New England Realty Associates Limited Partnership Class A Depositary Receipts Evidencing Units of Limited Partnership,$55.25,-0.205,-0.37%,216,153277534.00,United States,,Building operators,Real Estate,/market-activity/stocks/nen
NEWP,New Pacific Metals Corp. Common Shares,$6.68,0.17,2.611%,596395,1236266631.00,Canada,2021,Precious Metals,Basic Materials,/market-activity/stocks/newp
NFGC,New Found Gold Corp Common Shares,$1.85,0.11,6.322%,954447,711061466.00,,2021,Precious Metals,Basic Materials,/market-activity/stocks/nfgc
NG,Novagold Resources Inc.,$8.17,0.14,1.743%,5393837,3584837616.00,Canada,2003,Precious Metals,Basic Materials,/market-activity/stocks/ng
NHC,National HealthCare Corporation Common Stock,$217.34,-1.63,-0.744%,117558,3403847589.00,United States,1986,Hospital/Nursing Management,Health Care,/market-activity/stocks/nhc
NHS,Neuberger High Yield Strategies Fund Inc. Common Stock,$5.95,0.01,0.168%,81751,0.00,United States,,Trusts Except Educational Religious and Charitable,Finance,/market-activity/stocks/nhs
NINE,Nine Energy Service Inc. Common Stock,$10.64,0.21,2.013%,44066,148427894.00,,2026,Oilfield Services/Equipment,Energy,/market-activity/stocks/nine
NML,Neuberger Energy Infrastructure and Income Fund Inc. Common Stock,$10.73,0.03,0.28%,171447,0.00,United States,2013,Finance/Investors Services,Finance,/market-activity/stocks/nml
NNVC,NanoViricides Inc. Common Stock,$1.17,-0.04,-3.306%,502961,29867003.00,United States,,Biotechnology: Pharmaceutical Preparations,Health Care,/market-activity/stocks/nnvc
NRO,Neuberger Real Estate Securities Income Fund Inc. Common Stock,$2.88,-0.02,-0.69%,326694,0.00,United States,2003,Finance/Investors Services,Finance,/market-activity/stocks/nro
NRXS,Neuraxis Inc. Common Stock,$5.95,0.14,2.41%,79699,74718702.00,United States,2023,Biotechnology: Electromedical & Electrotherapeutic Apparatus,Health Care,/market-activity/stocks/nrxs
NSRX,Nasus Pharma Ltd. Ordinary Shares,$3.77,-0.055,-1.438%,1897,44149746.00,,2025,Biotechnology: Pharmaceutical Preparations,Health Care,/market-activity/stocks/nsrx
NTIP,Network-1 Technologies Inc. Common Stock,$1.53,-0.04,-2.548%,9826,34980667.00,United States,,Multi-Sector Companies,Miscellaneous,/market-activity/stocks/ntip
NVA,Nova Minerals Corp Common Stock,$5.66,0.48,9.266%,359315,2552819629.00,,2026,Precious Metals,Basic Materials,/market-activity/stocks/nva
NXB,NextBoat Inc. Common Stcok,$2.30,0.09,4.072%,214789,57828659.00,,2025,Marine Transportation,Industrials,/market-activity/stocks/nxb
OBE,Obsidian Energy Ltd. Common Shares,$12.08,-0.05,-0.412%,759225,806044886.00,Canada,2022,Oil & Gas Production,Energy,/market-activity/stocks/obe
OGEN,Oragenics Inc. Common Stock,$0.5061,0.0071,1.423%,25809,2283501.00,United States,,Biotechnology: Pharmaceutical Preparations,Health Care,/market-activity/stocks/ogen
OPHC,OptimumBank Holdings Inc. Common Stock,$8.88,-0.07,-0.782%,146550,112087534.00,United States,,Major Banks,Finance,/market-activity/stocks/ophc
OPP^C,RiverNorth/DoubleLine Strategic Opportunity Fund Inc. 6.00% Series C Term Preferred Stock (Liquidation Preference $10.00 per share),$10.1501,0.00,0.00%,4,,United States,,,,/market-activity/stocks/opp^c
OPTT,Ocean Power Technologies Inc. Common Stock,$0.1669,0.00,0.00%,1393007,45086170.00,United States,2007,Electric Utilities: Central,Utilities,/market-activity/stocks/optt
OSTX,OS Therapies Incorporated Common Stock,$1.71,0.05,3.012%,530475,79465051.00,,2024,Biotechnology: Pharmaceutical Preparations,Health Care,/market-activity/stocks/ostx
OZ,Belpointe PREP LLC Class A Units,$48.02,-0.055,-0.114%,16758,194657041.00,,,Real Estate,Finance,/market-activity/stocks/oz
PAAI,Paradium.AI Inc. Common Stock,$0.95,0.02,2.151%,461078,45230120.00,United States,2022,EDP Services,Technology,/market-activity/stocks/paai
PAPL,Pineapple Financial Inc. Common Stock,$0.9542,-0.033,-3.343%,21513,24113776.00,,,Finance: Consumer Services,Finance,/market-activity/stocks/papl
PCG^A,Pacific Gas & Electric Co. 6% Preferred Stock,$20.80,-0.48,-2.256%,46294,,United States,,,,/market-activity/stocks/pcg^a
PCG^B,Pacific Gas & Electric Co. 5 1/2% Preferred Stock,$19.25,-0.16,-0.824%,368,,United States,,,,/market-activity/stocks/pcg^b
PCG^C,Pacific Gas & Electric Co. 5% 1st Preferred Stock,$17.80,0.13,0.736%,882,,United States,,,,/market-activity/stocks/pcg^c
PCG^D,Pacific Gas & Electric Co. 5% 1st  Red. Preferred Stock,$17.11,-0.16,-0.926%,2406,,United States,,,,/market-activity/stocks/pcg^d
PCG^E,Pacific Gas & Electric Co. 5% 1st A Preferred Stock,$17.58,-0.22,-1.236%,3740,,United States,,,,/market-activity/stocks/pcg^e
PCG^G,Pacific Gas & Electric Co. 4.80% 1st Preferred Stock,$16.51,0.1661,1.016%,4510,,United States,,,,/market-activity/stocks/pcg^g
PCG^H,Pacific Gas & Electric Co. 4.50% 1st Preferred Stock,$16.0653,0.2353,1.486%,4638,,United States,,,,/market-activity/stocks/pcg^h
PCG^I,Pacific Gas & Electric Co. 4.36% 1st Preferred Stock,$15.50,0.13,0.846%,3357,,United States,,,,/market-activity/stocks/pcg^i
PED,Pedevco Corp. Common Stock,$14.33,0.56,4.067%,9063,190474546.00,United States,,Oil & Gas Production,Energy,/market-activity/stocks/ped
PHGE,BiomX Inc. COmmon Stock,$0.1425,-0.0005,-0.35%,3359031,3808151.00,,2019,Biotechnology: Biological Products (No Diagnostic Substances),Health Care,/market-activity/stocks/phge
PHXE^,Phoenix Energy One LLC Series A Cumulative Redeemable Preferred Shares,$24.87,0.06,0.242%,29146,,,,,,/market-activity/stocks/phxe^
PLAG,Planet Green Holdings Corp. Common Stock,$0.6009,-0.0502,-7.71%,541838,8552438.00,China,,Packaged Foods,Consumer Staples,/market-activity/stocks/plag
PLG,Platinum Group Metals Ltd. Ordinary Shares (Canada),$1.52,0.09,6.294%,1350192,194385370.00,Canada,,Precious Metals,Basic Materials,/market-activity/stocks/plg
PLX,Protalix BioTherapeutics Inc. (DE) Common Stock,$2.59,0.00,0.00%,454872,208680553.00,Israel,,Biotechnology: Biological Products (No Diagnostic Substances),Health Care,/market-activity/stocks/plx
PMI,Picard Medical Inc. Common Stock,$4.58,0.72,18.653%,828727,10710944.00,,2025,Medical/Dental Instruments,Health Care,/market-activity/stocks/pmi
POAS,Phaos Technology Holdings (Cayman) Limited Class A Ordinary Shares,$0.1645,0.0013,0.797%,88694,5193594.00,,2025,Industrial Machinery/Components,Industrials,/market-activity/stocks/poas
PRK,Park National Corporation Common Stock,$192.95,1.54,0.805%,157471,3485479865.00,United States,1994,Major Banks,Finance,/market-activity/stocks/prk
PTHS,Pelthos Therapeutics Inc. Common Stock,$25.03,0.21,0.846%,87882,95826579.00,,2024,Biotechnology: Biological Products (No Diagnostic Substances),Health Care,/market-activity/stocks/pths
PW,Power REIT (MD) Common Stock,$7.21,-0.21,-2.83%,4555,2646935.00,United States,1998,Real Estate Investment Trusts,Real Estate,/market-activity/stocks/pw
PW^A,Power REIT 7.75% Series A Cumulative Perpetual Preferred Stock,$9.355,0.305,3.37%,3147,,United States,,,,/market-activity/stocks/pw^a
PZG,Paramount Gold Nevada Corp. Common Stock,$1.41,0.08,6.015%,574983,120955977.00,United States,2015,Metal Mining,Basic Materials,/market-activity/stocks/pzg
QNC,Quantum eMotion Corp. Common Shares,$1.88,-0.08,-4.082%,1024445,412508980.00,,2026,,,/market-activity/stocks/qnc
RCG,RENN Fund Inc Common Stock,$2.94,-0.01,-0.339%,4200,0.00,United States,,Investment Managers,Finance,/market-activity/stocks/rcg
REA,Rare Earths Americas Inc. Common Stock,$11.90,-1.84,-13.392%,189683,237451315.00,,2026,Metal Mining,Basic Materials,/market-activity/stocks/rea
REED,Reed's Inc. Common Stock,$0.9114,0.0414,4.759%,51236,10806548.00,,2025,Beverages (Production/Distribution),Consumer Staples,/market-activity/stocks/reed
REI,Ring Energy Inc. Common Stock,$1.50,0.00,0.00%,4272335,390809411.00,United States,,Oil & Gas Production,Energy,/market-activity/stocks/rei
REPX,Riley Exploration Permian Inc. Common Stock,$41.22,1.79,4.54%,513380,913179018.00,United States,1999,Oil & Gas Production,Energy,/market-activity/stocks/repx
RGNT,Regentis Biomaterials Ltd. Ordinary Shares,$2.02,-0.04,-1.942%,14754,14188320.00,Israel,2025,Industrial Specialties,Health Care,/market-activity/stocks/rgnt
RLGT,Radiant Logistics Inc. Common Stock,$8.18,-0.11,-1.327%,243566,383083028.00,United States,,Integrated Freight & Logistics,Industrials,/market-activity/stocks/rlgt
ROLR,High Roller Technologies Inc. Common Stock,$6.00,-0.11,-1.80%,65712,66175878.00,,2024,Services-Misc. Amusement & Recreation,Consumer Discretionary,/market-activity/stocks/rolr
RVP,Retractable Technologies Inc. Common Stock,$0.72,0.00,0.00%,7781,21554754.00,United States,2001,Medical/Dental Instruments,Health Care,/market-activity/stocks/rvp
RYDE,Ryde Group Ltd. Class A Ordinary Shares,$0.7146,0.0122,1.737%,37469,128789718.00,,2024,Business Services,Consumer Discretionary,/market-activity/stocks/ryde
SACH,Sachem Capital Corp. Common Shares,$0.871,-0.002,-0.229%,89553,41768484.00,United States,2017,Real Estate Investment Trusts,Real Estate,/market-activity/stocks/sach
SACH^A,Sachem Capital Corp. 7.75% Series A Cumulative Redeemable Preferred Stock,$21.67,0.5199,2.458%,1988,,United States,,,,/market-activity/stocks/sach^a
SBMT,Silver Bow Mining Corp. Common Shares,$8.60,-0.01,-0.116%,115974,253945100.00,,2026,Precious Metals,Basic Materials,/market-activity/stocks/sbmt
SCCD,Sachem Capital Corp. 6.00% Notes due 2026,$24.89,-0.01,-0.04%,2602,1178349548.00,United States,,Real Estate Investment Trusts,Real Estate,/market-activity/stocks/sccd
SCCE,Sachem Capital Corp. 6.00% Notes due 2027,$24.66,0.06,0.244%,2817,1167460822.00,United States,2022,Real Estate Investment Trusts,Real Estate,/market-activity/stocks/scce
SCCF,Sachem Capital Corp. 7.125% Notes due 2027,$24.74,0.00,0.00%,63,1171248205.00,United States,2022,Real Estate Investment Trusts,Real Estate,/market-activity/stocks/sccf
SCCG,Sachem Capital Corp. 8.00% Notes due 2027,$24.70,-0.15,-0.604%,318,1169354514.00,United States,2022,Real Estate Investment Trusts,Real Estate,/market-activity/stocks/sccg
SDEV,Stablecoin Development Corporation Common Stock,$0.8591,-0.0007,-0.081%,269818,43483722.00,United States,,Biotechnology: Pharmaceutical Preparations,Health Care,/market-activity/stocks/sdev
SEB,Seaboard Corporation Common Stock,$4262.49,139.11,3.374%,20690,4082587347.00,United States,1996,Farming/Seeds/Milling,Industrials,/market-activity/stocks/seb
SER,Serina Therapeutics Inc. Common Stock,$2.62,0.12,4.80%,70950,66549239.00,United States,2018,Biotechnology: Pharmaceutical Preparations,Health Care,/market-activity/stocks/ser
SIF,SIFCO Industries Inc. Common Stock,$21.08,-0.43,-1.999%,57831,131837018.00,United States,1969,Aerospace,Industrials,/market-activity/stocks/sif
SIM,Grupo Simec S.A.B. de C.V. American Depositary Shares,$30.28,0.00,0.00%,546,5023544990.00,Mexico,1998,Steel/Iron Ore,Industrials,/market-activity/stocks/sim
SLI,Standard Lithium Ltd. Common Shares,$2.41,-0.08,-3.213%,1773366,594749830.00,Canada,2021,Major Chemicals,Industrials,/market-activity/stocks/sli
SLND,Southland Holdings Inc. Common Stock,$0.6186,-0.0014,-0.226%,89914,33673650.00,United States,,Military/Government/Technical,Industrials,/market-activity/stocks/slnd
SLSR,Solaris Resources Inc. Common Shares,$8.37,0.12,1.455%,185305,1398085695.00,,2024,,,/market-activity/stocks/slsr
SMJF,SMJ International Holdings Inc. Class A Ordinary Shares,$1.09,-0.02,-1.802%,691920,30198450.00,,2025,RETAIL: Building Materials,Consumer Discretionary,/market-activity/stocks/smjf
SNSC,SunScout Holding Limited Class A Ordinary Shares,$1.34,0.09,7.20%,87906,51054000.00,,2026,Semiconductors,Technology,/market-activity/stocks/snsc
SOAR,Volato Group Inc. Class A Common Stock,$0.2303,-0.0204,-8.137%,8497342,12351737.00,,2022,Transportation Services,Consumer Discretionary,/market-activity/stocks/soar
SRXH,SRX Global Inc. Common Stock,$1.56,-0.07,-4.294%,544853,31614010.00,,2021,Beverages (Production/Distribution),Consumer Staples,/market-activity/stocks/srxh
STRW,Strawberry Fields REIT Inc. Common Stock,$13.60,0.00,0.00%,38659,192539770.00,United States,2023,Real Estate Investment Trusts,Real Estate,/market-activity/stocks/strw
STXS,Stereotaxis Inc. Common Stock,$1.38,0.01,0.73%,315752,138279006.00,United States,,Biotechnology: Electromedical & Electrotherapeutic Apparatus,Health Care,/market-activity/stocks/stxs
SVM,Silvercorp Metals Inc. Common Shares,$12.78,0.88,7.395%,1956976,2823241443.00,Canada,,Precious Metals,Basic Materials,/market-activity/stocks/svm
SYNX,Silynxcom Ltd. Ordinary Shares,$0.858,-0.0023,-0.267%,180313,5692350.00,,2024,Consumer Electronics/Appliances,Consumer Staples,/market-activity/stocks/synx
TGB,Trekor Metals Limited Common Shares,$8.32,-0.12,-1.422%,4521448,3045314006.00,Canada,,Precious Metals,Basic Materials,/market-activity/stocks/tgb
TGEN,Tecogen Inc. Common Stock,$2.95,-0.06,-1.993%,86204,89054075.00,United States,2025,Industrial Machinery/Components,Industrials,/market-activity/stocks/tgen
THM,International Tower Hill Mines Ltd. Ordinary Shares (Canada),$2.52,0.12,5.00%,466833,659326432.00,Canada,,Metal Mining,Basic Materials,/market-activity/stocks/thm
TII,Titan Mining Corporation Common Shares,$3.08,0.27,9.609%,363139,304859404.00,,2025,,,/market-activity/stocks/tii
TMDE,TMD Energy Limited Ordinary Shares,$0.7182,-0.0418,-5.50%,135302,16924383.00,,2025,Oil Refining/Marketing,Energy,/market-activity/stocks/tmde
TMP,Tompkins Financial Corporation Common Stock,$97.56,2.01,2.104%,111852,1403196212.00,United States,1997,Major Banks,Finance,/market-activity/stocks/tmp
TMQ,Trilogy Metals Inc. Common Stock,$3.48,0.13,3.881%,741714,601154824.00,Canada,,Precious Metals,Basic Materials,/market-activity/stocks/tmq
TONT,Graf Global Corp. Class A ordinary shares,$10.865,0.00,0.00%,109,0.00,,2024,,,/market-activity/stocks/tont
TOON,Kartoon Studios Inc. Common Stock,$0.66,0.0292,4.629%,261093,41054709.00,United States,,Movies/Entertainment,Consumer Discretionary,/market-activity/stocks/toon
TOPP,Toppoint Holdings Inc. Common Stock,$0.1432,-0.0252,-14.964%,2590161,3537040.00,,2025,Trucking Freight/Courier Services,Industrials,/market-activity/stocks/topp
TOPS,TOP Ships Inc. Common Stock,$0.7584,0.0009,0.119%,38457,4202803.00,Greece,,Marine Transportation,Consumer Discretionary,/market-activity/stocks/tops
TOVX,Theriva Biologics Inc. Common Stock,$0.2481,-0.0009,-0.361%,419304,11385971.00,United States,,Biotechnology: Pharmaceutical Preparations,Health Care,/market-activity/stocks/tovx
TP,Ticketplus Ltd. Ordinary Shares,$8.64,-0.17,-1.93%,32000,138873649.00,,2026,Services-Misc. Amusement & Recreation,Consumer Discretionary,/market-activity/stocks/tp
TPET,Trio Petroleum Corp. Common Stock,$1.78,-0.13,-6.806%,370988,8755161.00,,2023,Oil & Gas Production,Energy,/market-activity/stocks/tpet
TRT,Trio-Tech International Common Stock,$10.50,0.64,6.491%,121732,106182290.00,United States,1998,Industrial Machinery/Components,Technology,/market-activity/stocks/trt
TRX,TRX Gold Corporation Common Stock,$1.17,0.08,7.339%,2877368,383144591.00,Canada,,Precious Metals,Basic Materials,/market-activity/stocks/trx
UAC,United Acquisition Corp. I Class A Ordinary Shares,$9.95,0.00,0.00%,92,0.00,,2026,Blank Checks,Finance,/market-activity/stocks/uac
UAVS,AgEagle Aerial Systems Inc. Common Stock,$1.08,0.04,3.846%,1936997,67938162.00,United States,,Aerospace,Industrials,/market-activity/stocks/uavs
UEC,Uranium Energy Corp. Common Stock,$11.62,0.03,0.259%,8739078,5750416893.00,Canada,,Other Metals and Minerals,Basic Materials,/market-activity/stocks/uec
UMAC,Unusual Machines Inc. Common Stock,$23.55,0.90,3.974%,2618137,1176475693.00,United States,2024,Radio And Television Broadcasting And Communications Equipment,Technology,/market-activity/stocks/umac
URG,Ur Energy Inc Common Shares (Canada),$1.36,0.02,1.493%,4408913,541094659.00,Canada,,Precious Metals,Basic Materials,/market-activity/stocks/urg
USAS,Americas Gold and Silver Corporation Common Shares no par value,$5.43,0.38,7.525%,3718037,1836195844.00,Canada,2017,Metal Mining,Basic Materials,/market-activity/stocks/usas
USBC,USBC Inc. Common Stock,$0.48,0.001,0.209%,166645,186309326.00,United States,,Finance: Consumer Services,Finance,/market-activity/stocks/usbc
UTG,Reaves Utility Income Fund Common Shares of Beneficial Interest,$37.71,0.17,0.453%,280915,0.00,United States,2004,Investment Managers,Finance,/market-activity/stocks/utg
UUU,Universal Safety Products Inc. Common Stock,$5.24,-0.13,-2.421%,20094,15869146.00,United States,2003,Electronic Components,Technology,/market-activity/stocks/uuu
UUUU,Energy Fuels Inc Ordinary Shares (Canada),$14.29,0.07,0.492%,4128279,3570599430.00,Canada,,Mining & Quarrying of Nonmetallic Minerals (No Fuels),Industrials,/market-activity/stocks/uuuu
VENU,Venu Holding Corporation Common Stock,$1.80,-0.06,-3.226%,461647,105964810.00,United States,2024,Services-Misc. Amusement & Recreation,Consumer Discretionary,/market-activity/stocks/venu
VGZ,Vista Gold Corp Common Stock,$2.24,0.14,6.667%,988801,326975815.00,United States,1986,Precious Metals,Basic Materials,/market-activity/stocks/vgz
VIDA,VIDA Global Inc. Class A Common Stock,$2.56,-0.01,-0.389%,160745,37332306.00,,2026,Computer Software: Prepackaged Software,Technology,/market-activity/stocks/vida
VKI,Invesco Advantage Municipal Income Trust II Common Shares of Beneficial Interest (DE),$8.76,-0.06,-0.68%,39005,388996735.00,United States,1993,Finance Companies,Finance,/market-activity/stocks/vki
VNRX,VolitionRX Limited Common Stock,$0.3764,-0.0178,-4.515%,1917115,7049200.00,Singapore,2015,Biotechnology: In Vitro & In Vivo Diagnostic Substances,Health Care,/market-activity/stocks/vnrx
VNTG,Vantage Corp Class A Ordinary Shares,$0.6199,0.0099,1.623%,21882,19006686.00,Singapore,2025,Integrated Freight & Logistics,Industrials,/market-activity/stocks/vntg
VTAK,Catheter Precision Inc. Common Stock,$0.2007,0.0024,1.21%,975337,3807690.00,,2018,Medical/Dental Instruments,Health Care,/market-activity/stocks/vtak
VZLA,Vizsla Silver Corp. Common Shares,$4.15,0.29,7.513%,6410008,1467172051.00,Canada,2024,Precious Metals,Basic Materials,/market-activity/stocks/vzla
WRN,Western Copper and Gold Corporation Common Stock,$2.42,0.06,2.542%,895833,547344531.00,Canada,2011,Metal Mining,Basic Materials,/market-activity/stocks/wrn
WWR,Westwater Resources Inc. Common Stock,$0.5776,-0.0065,-1.113%,565625,74259048.00,United States,,Metal Mining,Basic Materials,/market-activity/stocks/wwr
WYY,WidePoint Corporation Common Stock,$10.44,0.21,2.053%,72154,104381782.00,United States,,EDP Services,Technology,/market-activity/stocks/wyy
XPL,Solitario Resources Corp. Common Stock,$0.5705,-0.1955,-25.522%,1629626,54017486.00,United States,,Precious Metals,Basic Materials,/market-activity/stocks/xpl
XTNT,Xtant Medical Holdings Inc. Common Stock,$0.409,0.041,11.141%,8897532,57377776.00,United States,,Medical/Dental Instruments,Health Care,/market-activity/stocks/xtnt
YCBD,cbdMD Inc. Common Stock,$0.4998,-0.0001,-0.02%,1812163,5600281.00,United States,2017,Package Goods/Cosmetics,Consumer Discretionary,/market-activity/stocks/ycbd
ZDGE,Zedge Inc. Class B Common Stock ,$2.98,-0.02,-0.667%,135664,38944520.00,,2016,Computer Software: Prepackaged Software,Technology,/market-activity/stocks/zdge
ZONE,Zone Frontier Inc. Class B Common Stock,$0.151,0.001,0.667%,5434411,75815629.00,,2024,Specialty Chemicals,Consumer Discretionary,/market-activity/stocks/zone
